{"cameraMode":{"drawMode":0,"name":"Shaded","section":"Shading Mode"},"sceneLighting":true,"audioPlay":false,"sceneViewState":{"showFog":true,"showMaterialUpdate":false,"showSkybox":true,"showFlares":true,"showImageEffects":true,"showParticleSystems":true,"showVisualEffectGraphs":true,"m_FxEnabled":true},"in2DMode":false,"pivot":{"x":-1.2698326110839844,"y":3.1171021461486818,"z":-3.5469436645507814},"rotation":{"x":0.34519410133361819,"y":0.15081048011779786,"z":-0.0563032366335392,"w":0.9246243238449097},"size":4.3405632972717289,"orthographic":false}