{"cameraMode":{"drawMode":2,"name":"Shaded Wireframe","section":"Shading Mode"},"sceneLighting":true,"audioPlay":false,"sceneViewState":{"showFog":true,"showMaterialUpdate":false,"showSkybox":true,"showFlares":true,"showImageEffects":true,"showParticleSystems":true},"in2DMode":false,"pivot":{"x":-0.042955756187438968,"y":-0.7282403707504273,"z":-0.23328590393066407},"rotation":{"x":-0.15977849066257478,"y":0.34351620078086855,"z":-0.059429898858070376,"w":-0.9235468506813049},"size":4.357883930206299,"orthographic":false}