{"cameraMode":{"drawMode":2,"name":"Shaded Wireframe","section":"Shading Mode"},"sceneLighting":false,"audioPlay":false,"sceneViewState":{"showFog":true,"showMaterialUpdate":false,"showSkybox":false,"showFlares":true,"showImageEffects":true,"showParticleSystems":true},"in2DMode":false,"pivot":{"x":-0.016853511333465577,"y":0.11011950671672821,"z":-0.0015199929475784302},"rotation":{"x":-0.020185142755508424,"y":0.32027575373649599,"z":-0.006825490389019251,"w":-0.9470861554145813},"size":2.8578836917877199,"orthographic":false}